Publication Number,Assignee/Applicant First
US10113163B2,"President and Fellows of Harvard College,Cambridge,MA,US"
US9999671B2,"President and Fellows of Harvard College,Cambridge,MA,US"
US10077453B2,"President and Fellows of Harvard College,Cambridge,MA,US"
US9840699B2,"President and Fellows of Harvard College,Cambridge,MA,US"
US9526784B2,"President and Fellows of Harvard College,Cambridge,MA,US"
US9737604B2,"President and Fellows of Harvard College,Cambridge,MA,US"
US9388430B2,"President and Fellows of Harvard College,Cambridge,MA,US"
US9834791B2,"Editas Medicine Inc.,Cambridge,MA,US"
US9340799B2,"President and Fellows of Harvard College,Cambridge,MA,US"
US9340800B2,"President and Fellows of Harvard College,Cambridge,MA,US"
US9546384B2,"Regeneron Pharmaceuticals Inc.,Tarrytown,NY,US"
US9888673B2,"REGENTS OF THE UNIVERSITY OF MINNESOTA,Minneapolis,MN,US"
US10077445B2,"The Regents of the University of California,Oakland,CA,US"
US10113167B2,"The Regents of the University of California,Oakland,CA,US"
US10011849B1,"Inscripta Inc.,Boulder,CO,US"
US9982279B1,"Inscripta Inc.,Boulder,CO,US"
US9856497B2,"The Board of Trustee of the Leland Stanford Junior University,Stanford,CA,US"
US10000772B2,"The Regents of the University of California,Oakland,CA,US"
US9359599B2,"President and Fellows of Harvard College,Cambridge,MA,US"
WO2017087708A1,"THE BRIGHAM AND WOMEN'S HOSPITAL INC.,US"
EP3219799A1,"IMBA-Institut für Molekulare Biotechnologie GmbH,1030 Vienna,AT,100729495"
US10017760B2,"Inscripta Inc.,Boulder,CO,US"
US9322006B2,"President and Fellows of Harvard College,Cambridge,MA,US"
WO2017158153A1,"IMBA - INSTITUT FÜR MOLEKULARE BIOTECHNOLOGIE GMBH,AT"
US10138476B2,"The General Hospital Corporation,Boston,MA,US"
US9228207B2,"President and Fellows of Harvard College,Cambridge,MA,US"
WO2016094867A1,"THE BROAD INSTITUTE INC.,US"
US10093910B2,"The General Hospital Corporation,Boston,MA,US"
US10117911B2,"Agenovir Corporation,South San Francisco,CA,US"
US10119133B2,"The General Hospital Corporation,Boston,MA,US"
WO2016094872A1,"THE BROAD INSTITUTE INC.,US"
WO2016094874A1,"THE BROAD INSTITUTE INC.,US"
WO2016106244A1,"THE BROAD INSTITUTE INC.,US"
WO2016205764A1,"THE BROAD INSTITUTE INC.,US"
US10011850B2,"The General Hospital Corporation,Boston,MA,US"
US9567603B2,"The General Hospital Corporation,Boston,MA,US"
US9885033B2,"The General Hospital Corporation,Boston,MA,US"
US9926546B2,"The General Hospital Corporation,Boston,MA,US"
US9982278B2,"The Regents of the University of Colorado a Body Corporate,Denver,CO,US"
WO2016086197A1,"THE BRIGHAM AND WOMEN'S HOSPITAL INC.,US"
WO2016100974A1,"THE BROAD INSTITUTE INC.,US"
WO2016106236A1,"THE BROAD INSTITUTE INC.,US"
WO2016108926A1,"THE BROAD INSTITUTE INC.,US"
US9512446B1,"The General Hospital Corporation,Boston,MA,US"
US9567604B2,"The General Hospital Corporation,Boston,MA,US"
WO2018049025A2,"THE BROAD INSTITUTE INC.,US"
US9902971B2,"Regeneron Pharmaceuticals Inc.,Tarrytown,NY,US"
WO2017070605A1,"THE BROAD INSTITUTE INC.,US"
WO2018054911A1,"BAYER CROPSCIENCE NV,BE"
WO2018083606A1,"NOVARTIS AG,CH"
US10106820B2,"Regeneron Pharmaceuticals Inc.,Tarrytown,NY,US"
US9822370B2,"President and Fellows of Harvard College,Cambridge,MA,US"
US9834786B2,"Regeneron Pharmaceuticals Inc.,Tarrytown,NY,US"
WO2016182893A1,"TEH BROAD INSTITUTE INC.,US"
WO2017069958A2,"THE BRIGHAM AND WOMEN'S HOSPITAL INC.,US"
WO2017074788A1,"THE BROAD INSTITUTE INC.,US"
WO2017075451A1,"THE BROAD INSTITUTE INC.,US"
WO2017075465A1,"THE BROAD INSTITUTE INC.,US"
WO2017075478A2,"THE BROAD INSTITUTE INC.,US"
WO2017219027A1,"THE BROAD INSTITUTE INC.,US"
US10047358B1,"Zymergen Inc.,Emeryville,CA,US"
US10053688B2,"TWIST BIOSCIENCE CORPORATION,San Francisco,CA,US"
US10136649B2,"North Carolina State University,Raleigh,NC,US"
US9909122B2,"Caribou Biosciences Inc.,Berkeley,CA,US"
US9938521B2,"EDITAS MEDICINE INC.,Cambridge,MA,US"
WO2018013840A1,"VERTEX PHARMACEUTICALS INCORPORATED,US"
WO2018067991A1,"THE BRIGHAM AND WOMEN'S HOSPITAL INC.,US"
US10066241B2,"The Board of Trustees of The Leland Stanford Junior University,Stanford,CA,US"
US9322037B2,"President and Fellows of Harvard College,Cambridge,MA,US"
US9745562B2,"Caribou Biosciences Inc.,Berkeley,CA,US"
US9809814B1,"Caribou Biosciences Inc.,Berkeley,CA,US"
WO2016049163A2,"THE BROAD INSTITUTE INC.,US"
WO2016049251A1,"THE BROAD INSTITUTE INC.,US"
WO2016069591A2,"THE BROAD INSTITUTE INC.,US"
WO2016205728A1,"MASSACHUSETTS INSTITUTE OF TECHNOLOGY,US"
WO2016205745A2,"THE BROAD INSTITUTE INC.,UM"
WO2017147196A1,"MASSACHUSETTS INSTITUTE OF TECHNOLOGY,US"
WO2018035250A1,"THE BROAD INSTITUTE INC.,US"
WO2018035364A1,"THE BROAD INSTITUTE INC.,US"
US9487802B2,"THE BOARD OF TRUSTEES OF THE LELAND STANFORD JUNIOR UNIVERSITY,Palo Alto,CA,US"
US9677090B2,"Caribou Biosciences Inc.,Berkeley,CA,US"
US9725714B2,"Caribou Biosciences Inc.,Berkeley,CA,US"
US9745368B2,"The Trustees of the University of Pennsylvania,Philadelphia,PA,US"
US9745600B2,"Caribou Biosciences Inc.,Berkeley,CA,US"
US9777061B2,"Novartis AG,Basel,CH"
US9815901B2,"Novartis AG,Basel,CH"
US9822372B2,"The Broad Institute Inc.,Cambridge,MA,US"
US9840713B2,"The Broad Institute Inc.,Cambridge,MA,US"
US9926545B2,"The General Hospital Corporation,Boston,MA,US"
US9970026B2,"Caribou Biosciences Inc.,Berkeley,CA,US"
US9970027B2,"Caribou Biosciences Inc.,Berkeley,CA,US"
US9981239B2,"TWIST BIOSCIENCE CORPORATION,San Francisco,CA,US"
WO2017161325A1,"MASSACHUSETTS INSTITUTE OF TECHNOLOGY,US"
WO2017184786A1,"THE BROAD INSTITUTE INC.,US"
US10023853B1,"Caribou Biosciences Inc.,Berkeley,CA,US"
US10125354B1,"Caribou Biosciences Inc.,Berkeley,CA,US"
US10125361B2,"Caribou Biosciences Inc.,Berkeley,CA,US"
US10138472B2,"Caribou Biosciences Inc.,Berkeley,CA,US"
US9228208B2,"Regeneron Pharmaceuticals Inc.,Tarrytown,NY,US"
US9234213B2,"System Biosciences LLC,Mountain View,CA,US"
US9738897B2,"Regeneron Pharmaceuticals Inc.,Tarrytown,NY,US"
US9738908B2,"System Biosciences LLC,Mountain View,CA,US"
US9803194B2,"Caribou Biosciences Inc.,Berkeley,CA,US"
US9816081B1,"Caribou Biosciences Inc.,Berkeley,CA,US"
US9957490B1,"Caribou Biosciences Inc.,Berkeley,CA,US"
US9970024B2,"President and Fellows of Harvard College,Cambridge,MA,US"
US9970030B2,"Caribou Biosciences Inc.,Berkeley,CA,US"
WO2016094880A1,"THE BROAD INSTITUTE INC.,US"
WO2016138488A2,"THE BROAD INSTITUTE INC.,US"
WO2017075294A1,"THE BOARD INSTITUTE INC.,US"
US9260752B1,"Caribou Biosciences Inc.,Berkeley,CA,US"
US9410198B2,"Caribou Biosciences Inc.,Berkeley,CA,US"
US9580701B2,"PIONEER HI-BRED INTERNATIONAL INC.,Johnston,IA,US"
US9580715B2,"Regeneron Pharmaceuticals Inc.,Tarrytown,NY,US"
US9580727B1,"Caribou Biosciences Inc.,Berkeley,CA,US"
US9650617B2,"PIONEER HI-BRED INTERNATIONAL. INC.,Johnston,IA,US"
US9688972B2,"PIONEER HI-BRED INTERNATIONAL INC.,Johnston,IA,US"
US9752132B2,"The General Hospital Corporation,Boston,MA,US"
US9771601B2,"PIONEER HI-BRED INTERNATIONAL. INC.,Johnston,IA,US"
US9816093B1,"Caribou Biosciences Inc.,Berkeley,CA,US"
US9833761B2,"TWIST BIOSCIENCE CORPORATION,San Francisco,CA,US"
US9868962B2,"PIONEER HI-BRED INTERNATIONAL INC.,Johnston,IA,US"
US9889423B2,"TWIST BIOSCIENCE CORPORATION,San Francisco,CA,US"
US9895673B2,"TWIST BIOSCIENCE CORPORATION,San Francisco,CA,US"
US9944912B2,"The General Hospital Corporation,Boston,MA,US"
WO2015089351A1,"THE BROAD INSTITUTE INC.,US"
WO2015089354A1,"THE BROAD INSTITUTE INC.,US"
WO2015089364A1,"THE BROAD INSTITUTE INC.,US"
WO2015089419A2,"THE BROAD INSTITUTE INC.,US"
WO2015089465A1,"THE BROAD INSTITUTE INC.,US"
WO2015089486A2,"THE BROAD INSTITUTE INC.,US"
WO2017019867A1,"DANISCO US INC,US"
WO2017106657A1,"THE BROAD INSTITUTE INC.,US"
EP2825654B1,"The Broad Institute Inc.,Cambridge, MA 02142,US,101486043"
EP3009511A2,"The Broad Institute Inc.,Cambridge, MA 02142,US,101486043"
US10064398B2,"Kymab Limited,Cambridge,GB"
US10100333B2,"Caribou Biosciences Inc.,Berkeley,CA,US"
US10149462B2,"Kymab Limited,Cambridge,GB"
US9783593B2,"Kymab Limited,Cambridge,GB"
US9839894B2,"TWIST BIOSCIENCE CORPORATION,San Francisco,CA,US"
US9840702B2,"INTEGRATED DNA TECHNOLOGIES INC.,Coralville,IA,US"
US9896516B2,"Kymab Limited,Cambridge,GB"
US9924705B2,"Kymab Limited,Cambridge,GB"
US9938357B2,"Kymab Limited,Cambridge,GB"
US9938358B2,"Kymab Limited,Cambridge,GB"
US9970029B1,"Caribou Biosciences Inc.,Berkeley,CA,US"
WO2016184989A1,"KWS SAAT SE,DE"
WO2016205613A1,"THE BROAD INSTITUTE INC.,US"
WO2016205711A1,"THE BROAD INSTITUTE INC.,US"
WO2016205749A1,"THE BROAD INSTITUTE INC.,US"
WO2017149515A1,"NOVARTIS AG,CH"
WO2017155714A1,"PIONEER HI-BRED INTERNATIONAL INC.,US"
WO2017189308A1,"THE BROAD INSTITUTE INC.,US"
WO2017191210A1,"NOVOZYMES A/S,DK"
WO2017201476A1,"REGENERON PHARMACEUTICALS INC.,US"
WO2018071362A1,"PIONEER HI-BRED INTERNATIONAL INC.,US"
WO2018107028A1,"INTELLIA THERAPEUTICS INC.,US"
WO2018183403A1,"CARIBOU BIOSCIENCES INC.,US"
EP3272867A1,"Sigma-Aldrich Co. LLC,St. Louis, MO 63103,US,101342787"
EP3310369A4,PREC BIOSCIENCES INC
US10006054B1,"EDITAS MEDICINE INC.,Cambridge,MA,US"
US10087247B2,"Translate Bio Inc.,Lexington,MA,US"
US10130649B2,"TRANSLATE BIO INC.,Lexington,MA,US"
US20160346362A1,"Agenovir Corporation,South San Francisco,CA,US"
US9068179B1,"President and Fellows of Harvard College,Cambridge,MA,US"
US9555388B2,"TWIST BIOSCIENCE CORPORATION,San Francisco,CA,US"
US9677067B2,"TWIST BIOSCIENCE CORPORATION,San Francisco,CA,US"
US9713626B2,"RaNA Therapeutics Inc.,Lexington,MA,US"
US9771600B2,"Caribou Biosciences Inc.,Berkeley,CA,US"
US9850269B2,"Translate Bio Inc.,Cambridge,MA,US"
US9885058B2,"REGENERON PHARMACEUTICALS INC.,Tarrytown,NY,US"
US9932405B2,"Innovative Cellular Therapeutics CO. LTD.,Shanghai,CN"
US9957499B2,"TRANSLATE BIO INC.,Cambridge,MA,US"
US9963716B2,"Kymab Limited,Cambridge,GB"
US9963719B1,"EDITAS MEDICINE INC.,Cambridge,MA,US"
WO2015054507A1,"PRONUTRIA INC.,US"
WO2016186946A1,"PIONEER HI-BRED INTERNATIONAL INC.,US"
WO2017015427A1,"NOVARTIS AG,CH"
WO2017037304A3,"DSM IP ASSETS B.V.,NL"
WO2017040930A2,"THE TRUSTEES OF THE UNIVERSITY OF PENNSYLVANIA,US"
WO2017048969A1,"THE REGENTS OF THE UNIVERSITY OF CALIFORNIA,US"
WO2017066175A1,"E. I. DU PONT DE NEMOURS AND COMPANY,US"
WO2017068377A1,"SILENCE THERAPEUTICS (LONDON) LTD,GB"
WO2017069829A3,"THE TRUSTEES OF COLUMBIA UNIVERSITY IN THE CITY OF NEW YORK,US"
WO2017074962A1,"BRANDEIS UNIVERSITY,US"
WO2017079026A1,"E. I. DU PONT DE NEMOURS AND COMPANY,US"
WO2017091630A1,"THE REGENTS OF THE UNIVERSITY OF CALIFORNIA,US"
WO2017127807A1,"THE BROAD INSTITUTE INC.,US"
WO2017132239A1,"PIONEER HI-BRED INTERNATIONAL INC.,US"
WO2017147163A1,"DANISCO US INC.,US"
WO2017155717A1,"PIONEER HI-BRED INTERNATIONAL INC.,US"
WO2017180711A1,"EDITAS MEDICINE INC.,US"
WO2017184768A1,"THE BROAD INSTITUTE INC.,US"
WO2017218185A1,"PIONEER HI-BRED INTERNATIONAL INC.,US"
WO2018009822A1,"OHIO STATE INNOVATION FOUNDATION,US"
WO2018013918A2,"NOVARTIS AG,CH"
WO2018023025A1,"NOVARTIS AG,CH"
WO2018031950A1,"CARIBOU BIOSCIENCES INC.,US"
WO2018035388A1,"THE BROAD INSTITUTE INC.,US"
WO2018047183A1,"YEDA RESEARCH AND DEVELOPMENT CO. LTD.,IL"
WO2018064387A1,"NOVARTIS AG,CH"
WO2018064921A1,"INNOVATIVE CELLULAR THERAPEUTICS CO. LTD.,CN"
WO2018067599A1,"DANISCO US INC.,US"
WO2018071572A1,"STEMGENICS INC.,US"
WO2018085414A1,"PRESIDENT AND FELLOWS OF HARVARD COLLEGE,US"
WO2018109101A1,"WAGENINGEN UNIVERSITEIT,NL"
WO2018118585A1,"AGENOVIR CORPORATION,US"
WO2018119182A1,"INTELLIA THERAPEUTICS INC.,US"
WO2018138385A1,"KWS SAAT SE,DE"
WO2018183607A1,"PIONEER HI-BRED INTERNATIONAL INC.,US"
WO2018183808A1,"AGENOVIR CORPORATION,US"
WO2018183878A1,"PIONEER HI-BRED INTERNATIONAL INC.,US"
CN106191057A,"Sun Yat-sen University,Guangzhou,Guangdong,510275,CN"
CN107043787A,"Nanjing Medical University,Nanjing,Jiangsu,211166,CN"
EP2764103B1,"The Broad Institute Inc.,Cambridge, MA 02142,US,101486043"
EP2896697B1,"The Broad Institute Inc.,Cambridge, MA 02142,US,101597632"
EP2898075B1,"The Broad Institute Inc.,Cambridge, MA 02142,US,101486043"
EP2921557B1,"The Broad Institute Inc.,Cambridge, MA 02142,US,101486043"
EP2928496A1,"Sigma-Aldrich Co. LLC,St. Louis, MO 63103,US,101342787"
EP2931897B1,"The Broad Institute Inc.,Cambridge, MA 02142,US,101486043"
EP3009511B1,"The Broad Institute Inc.,Cambridge, MA 02142,US,101486043"
EP3138910B1,"Sigma-Aldrich Co. LLC,St. Louis, MO 63103,US,101342787"
EP3245232A4,UNIV CALIFORNIA
EP3294343A4,SEATTLE CHILDRENS HOSPITAL DBA SEATTLE CHILDRENS RES INSTITUTE
GB2557153A,"The Regents of the University of California,US"
JP2016519652A,
US10040048B1,"SYNTHEGO CORPORATION,Redwood City,CA,US"
US10047355B2,"Massachusetts Institute of Technology,Cambridge,MA,US"
US10066232B2,"BOARD OF TRUSTEES OF THE UNIVERSITY OF ARKANSAS,Little Rock,AR,US"
US10081807B2,"Gen9 Inc.,Boston,MA,US"
US10113179B2,"BENSON HILL BIOSYSTEMS INC.,Research Triangle Park,NC,US"
US10131885B2,"Poseida Therapeutics Inc.,San Diego,CA,US"
US10144933B2,"SHIN NIPPON BIOMEDICAL LABORATORIES LTD.,Kagoshima-shi,JP"
US10149905B2,"SHIN NIPPON BIOMEDICAL LABORATORIES LTD.,Kagoshima-shi,JP"
US10150985B2,"Takara Bio USA Inc.,Mountain View,CA,US"
US20140315985A1,"Caribou Biosciences Inc.,Berkeley,CA,US"
US20150140664A1,"President and Fellows of Harvard College,Cambridge,MA,US"
US20160312198A1,"The General Hospital Corporation,Boston,MA,US"
US9163284B2,"President and Fellows of Harvard College,Cambridge,MA,US"
US9394368B2,"NOVARTIS AG,Basel,CH"
US9573988B2,"Novartis AG,Basel,CH"
US9605019B2,"WAVE LIFE SCIENCES LTD.,Singapore,SG"
US9617547B2,"Shin Nippon Biomedical Laboratories Ltd.,Kagoshima-shi,JP"
US9655351B2,"REGENERON PHARMACEUTICALS INC.,Tarrytown,NY,US"
US9695211B2,"WAVE LIFE SCIENCES JAPAN INC.,Kagoshima-shi,JP"
US9701964B2,"SNIPR TECHNOLOGIES LIMITED,London,GB"
US9708635B2,"Regeneron Pharmaceuticals Inc.,Tarrytown,NY,US"
US9816080B2,"President and Fellows of Harvard College,Cambridge,MA,US"
US9885037B2,"WAVE LIFE SCIENCES LTD.,Singapore,SG"
US9896696B2,"Benson Hill Biosystems Inc.,Research Triangle Park,NC,US"
US9925248B2,"TEMPLE UNIVERSITY OF THE COMMONWEALTH SYSTEM OF HIGHER EDUCATION,Philadelphia,PA,US"
US9981020B2,"Temple University of the Commonwealth System of Higher Education,Philadelphia,PA,US"
US9982257B2,"WAVE LIFE SCIENCES LTD.,Singapore,SG"
WO2015065964A1,"THE BROAD INSTITUTE INC.,US"
WO2015184259A1,"THE BOARD OF TRUSTEES OF THE LELAND STANFORD JUNIOR UNIVERSITY,US"
WO2016049258A3,"THE BROAD INSTITUTE INC.,US"
WO2016098078A3,"NOVARTIS AG,CH"
WO2016100951A3,"INTEGRATED DNA TECHNOLOGIES INC.,US"
WO2016168595A1,"BARRETT David Maxwell,US"
WO2016184955A3,"KWS SAAT SE,DE"
WO2016186745A1,"GE HEALTHCARE DHARMACON INC.,US"
WO2016186953A1,"PIONEER HI BRED INTERNATIONAL INC,US"
WO2016193945A2,"NOVARTIS AG,CH"
WO2016196282A1,"AGENOVIR CORPORATION,US"
WO2016197132A1,"PROTIVA BIOTHERAPEUTICS INC.,CA"
WO2016201138A1,"THE REGENTS OF THE UNIVERSITY OF CALIFORNIA,US"
WO2016201155A1,"CARIBOU BIOSCIENCES INC.,US"
WO2016205759A1,"THE BROAD INSTITUTE INC.,US"
WO2017015015A1,"EMORY UNIVERSITY,US"
WO2017049129A3,"PRESIDENT AND FELLOWS OF HARVARD COLLEGE,US"
WO2017062855A1,"MONSANTO TECHNOLOGY LLC,US"
WO2017070032A1,"PIONEER HI-BRED INTERNATIONAL INC.,US"
WO2017070284A1,"EDITAS MEDICINE INC.,US"
WO2017070633A3,"PRESIDENT AND FELLOWS OF HARVARD COLLEGE,US"
WO2017078631A1,"AGENCY FOR SCIENCE TECHNOLOGY AND RESEARCH,SG"
WO2017079724A1,"THE JACKSON LABORATORY,US"
WO2017100158A1,"DANISCO US INC.,US"
WO2017106569A1,"THE REGENTS OF THE UNIVERSITY OF CALIFORNIA,US"
WO2017115128A2,"AVECTAS LIMITED,IE"
WO2017141173A3,"BENSON HILL BIOSYSTEMS INC.,US"
WO2017144630A1,"CELLECTIS,FR"
WO2017155715A1,"PIONEER HI-BRED INTERNATIONAL INC.,US"
WO2017165683A1,"NOVARTIS AG,CH"
WO2017178590A1,"UNIVERSITÉ DE LAUSANNE,CH"
WO2017180694A1,"EDITAS MEDICINE INC.,US"
WO2017181119A2,"NOVARTIS AG,CH"
WO2017191476A1,"CRESCENDO BIOLOGICS LIMITED,GB"
WO2017205846A1,"AADIGEN LLC,US"
WO2017207589A1,"KWS SAAT SE,DE"
WO2017210380A1,"EXCISION BIOTHERAPEUTICS INC.,US"
WO2017210617A2,"PORTER David L.,US"
WO2017216392A1,"DSM IP ASSETS B.V.,NL"
WO2017216771A3,"GENESIS TECHNOLOGIES LIMITED,BB"
WO2017218573A1,"THE REGENTS OF THE UNIVERSITY OF CALIFORNIA,US"
WO2017222773A1,"PIONEER HI-BRED INTERNATIONAL INC.,US"
WO2017222834A1,"CITY OF HOPE,US"
WO2017223127A1,"PRESIDENT AND FELLOWS OF HARVARD COLLEGE,US"
WO2017223528A1,"THE SCRIPPS RESEARCH INSTITUTE,US"
WO2018002783A1,"CRISPR THERAPEUTICS AG,CH"
WO2018005691A1,"THE REGENTS OF THE UNIVERSITY OF CALIFORNIA,US"
WO2018005873A1,"THE BROAD INSTITUTE INC.,US"
WO2018006881A1,"LIFESEQ LIMITED CORPORATION,CN"
WO2018007871A1,"CRISPR THERAPEUTICS AG,CH"
WO2018007980A1,"CRISPR THERAPEUTICS AG,CH"
WO2018009534A1,"THE JOHNS HOPKINS UNIVERSITY,US"
WO2018013720A1,"WASHINGTON UNIVERSITY,US"
WO2018020323A3,"CRISPR THERAPEUTICS AG,CH"
WO2018023014A1,"REGENERON PHARMACEUTICALS INC.,US"
WO2018026819A2,"NOVARTIS AG,CH"
WO2018035387A1,"THE BROAD INSTITUTE INC.,US"
WO2018035423A1,"BLUEBIRD BIO INC.,US"
WO2018052919A1,"MONSANTO TECHNOLOGY LLC,US"
WO2018064600A1,"REGENERON PHARMACEUTICALS INC.,US"
WO2018069474A1,"UNIVERSITA' DEGLI STUDI DI TRENTO,IT"
WO2018098671A1,"CHINA AGRICULTURAL UNIVERSITY,CN"
WO2018099475A1,"SHANGAHI INSTITUTES FOR BIOLOGICAL SCIENCES CHINESE ACADEMY OF SCIENCES,CN"
WO2018106693A1,"EDITAS MEDICINE INC.,US"
WO2018106727A1,"CARIBOU BIOSCIENCES INC.,US"
WO2018108272A1,"WAGENINGEN UNIVERSITEIT,NL"
WO2018108338A1,"WAGENINGEN UNIVERSITEIT,NL"
WO2018108339A1,"WAGENINGEN UNIVERSITEIT,NL"
WO2018111947A1,"INTEGRATED DNA TECHNOLOGIES INC.,US"
WO2018115973A2,"AVECTAS LIMITED,IE"
WO2018126176A1,"EDITAS MEDICINE INC.,US"
WO2018132936A1,"GUANGZHOU INSTITUTES OF BIOMEDICINE AND HEALTH CHINESE ACADEMY OF SCIENCES,CN"
WO2018152197A1,"MASSACHUSETTS INSTITUTE OF TECHNOLOGY,US"
WO2018154412A1,"CRISPR THERAPEUTICS AG,CH"
WO2018166943A1,"DSM IP ASSETS B.V.,NL"
WO2018172556A1,"CUREVAC AG,DE"
CN104450785A,"Fudan University,Shanghai,200433,CN"
CN104504304A,"Shenzhen Institutes of Advanced Technology,Shenzhen,Guangdong,518055,CN"
CN104504304B,"Shenzhen Institutes of Advanced Technology,Shenzhen,Guangdong,518055,CN"
CN104611368A,"Guangzhou Institute of Biomedicine And Health Chinese Academy of Science,Guangzhou,Guangdong,510000,CN"
CN104611368B,"Guangzhou Institute of Biomedicine And Health Chinese Academy of Science,Guangzhou,Guangdong,510000,CN"
CN104928321A,"Northwest Institute Of Plateau Biology Chinese Academy of Sciences,Xining,Qinghai,810001,CN"
CN104928321B,"Northwest Institute Of Plateau Biology Chinese Academy of Sciences,Xining,Qinghai,810001,CN"
CN105131097A,"Resarch Institute of Forestry Chinese Academy of Forestry,Beijing,100091,CN"
CN105131097B,"RESEARCH INSTITUTE OF FORESTRY CHINESE ACADEMY OF FORESTRY,Beijing,100091,CN"
CN105177038A,"Institute Of Genetics And Developmental Biology Chinese Academy Of Sciences,Beijing,100101,CN"
CN105177038B,"Institute Of Genetics And Developmental Biology Chinese Academy Of Sciences,Beijing,100101,CN"
CN105177110A,"Institute of Microbiology Chinese Academy of Sciences,Beijing,100101,CN"
CN105231650A,"Guangzhou Wuxiang Digital Technology Co. Ltd.,Guangzhou,Guangdong,510006,CN"
CN105231650B,"Guangzhou Wuxiang Digital Technology Co. Ltd.,Guangzhou,Guangdong,510006,CN"
CN105624194A,"Agro-biological Gene Research Center Gdaas,Guangzhou,Guangdong,510000,CN"
CN105671083A,"Anhui Kedgene Biotechnology Co. Ltd.,Hefei,Anhui,242700,CN"
CN105821116A,"Yangzhou University,Yangzhou,Jiangsu,225009,CN"
CN105861547A,"HUANG Jie,Jiujiang,Jiangxi,330321,CN"
CN106172237A,"Guizhou University,Guiyang,Guizhou,550025,CN"
CN106244591A,"Suzhou GenePharma Co. Ltd.,Suzhou,Jiangsu,215123,CN"
CN106434563A,"Shenzhen Morecell Biomedical Technology Development Co. Ltd.,Shenzhen,Guangdong,CN"
CN106446600A,"Tongji University,Shanghai,CN"
CN106544353A,"General Hospital Of Ningxia Medical University,Yinchuan,Ningxia Hui Autonomous Region,750001,CN"
CN106637421A,"Peking University,Beijing,100871,CN"
CN106725957A,"CHENG Di-han,Nanjing,Jiangsu,210002,CN"
CN107099850A,"Northeast Agricultural University,Harbin,Heilongjiang,150030,CN"
CN107099850B,"Northeast Agricultural University,Harbin,Heilongjiang,150030,CN"
CN107201365A,"Sichuan Fengxun Technology Development Co. Ltd.,Chengdu,Sichuan,610000,CN"
CN107201365B,"Sichuan Fengxun Technology Development Co. Ltd.,Chengdu,Sichuan,610000,CN"
CN107475292A,"Shandong Baifu Gene Technology Co. Ltd.,Zibo,Shandong,255000,CN"
CN107858430A,"XUE Shou-hai,Nantong,Jiangsu,226021,CN"
CN107937345A,"Shandong Lansi Seeds Industry Co. Ltd.,Rizhao,Shandong,276800,CN"
DE102015006335A1,"KWS SAAT SE,Einbeck,DE"
DE102015014252A1,"KWS SAAT SE,Einbeck,DE"
EP2264163B1,"REGENERON PHARMACEUTICALS INC.,Tarrytown, NY 10591-6707,US,100206787"
EP2784162B1,"The Broad Institute Inc.,Cambridge, MA 02142,US,101486043"
EP2787075B1,"REGENERON PHARMACEUTICALS INC.,Tarrytown, NY 10591-6707,US,100206787"
EP2800811A1,"The Regents of the University of California,Oakland, CA 94607,US,100236880"
EP2800811B1,"The Regents of the University of California,Oakland, CA 94607,US,100236880"
EP2840140B1,"The Broad Institute Inc.,Cambridge, MA 02142,US,101271416"
EP2931898B1,"The Broad Institute Inc.,Cambridge, MA 02142,US,101486043"
EP3009511A3,"The Broad Institute Inc.,Cambridge, MA 02142,US,101486043"
EP3054014A2,"BASF Plant Science Company GmbH,67056 Ludwigshafen,DE,101166137"
EP3071698A4,HARVARD COLLEGE
EP3095870A1,"KWS SAAT SE,37574 Einbeck,DE,101540868"
EP3102199A4,UNIV JOHNS HOPKINS
EP3105325A4,TAKARA BIO USA INC
EP3111885A1,"Braun GmbH,61476 Kronberg,DE,100091168"
EP3126497B1,"Editas Medicine Inc.,Cambridge, MA 02141,US,101654496"
EP3138912A1,"Sigma-Aldrich Co. LLC,St. Louis, MO 63103,US,101342787"
EP3155116A4,MASSACHUSETTS INSTITUTE OF TECH
EP3159407A1,"Silence Therapeutics (London) Ltd,London W1W 8DH,GB,101556510"
EP3188604A4,PURECIRCLE SDN BHD
EP3237611A4,UNIV MASSACHUSETTS
EP3279321A4,INST GENETICS & DEVELOPMENTAL BIOLOGY CAS
EP3284749A4,UNIV TOKYO
EP3294873A4,CHILDRENS MEDICAL CT CORP
EP3307872A4,UNIV NORTH CAROLINA STATE
EP3315125A1,"Silence Therapeutics (London) Ltd,London W1W 8DH,GB,101556510"
EP3318638A1,"CONSEJO SUPERIOR DE INVESTIGACIONES CIENTIFICAS,28006 Madrid,ES,100103010"
EP3342868A1,"Systasy Bioscience GmbH,80797 München,DE,101715014"
EP3381279A1,"Regeneron Pharmaceuticals Inc.,Tarrytown, NY 10591,US,101094970"
EP3392339A1,"Rheinisch-Westfälische Technische Hochschule (RWTH) Aachen,52062 Aachen,DE,101612148"
GB2550745A,"Pioneer Hi-Bred International Inc.,US"
GB2552861A,"Sigma-Aldrich Co. LLC,US"
GB2556648A,"Oxford Genetics Limited,GB"
GB2559922A,"President and Fellows of Harvard College,US"
JP06321757B2,"REPUBLIC KOREA,JP"
JP06395765B2,"BROAD INST INC,JP"
JP2016182140A,BROAD INSTITUTE INC THE
JP2016501532A,
JP2016512048A,
JP2016521555A,
JP2016521994A,
JP2016534125A,
JP2016536021A,
JP2017079735A,REPUBLIC OF KOREA NATIONAL FORENSIC SERVICE
JP2017205127A,BROAD INSTITUTE INC THE
JP2017534294A,
KR1710026B1,"MOOGENE MEDI CO. LTD.,KR"
KR1777367B1,"INDUSTRY-ACADEMIC COOPERATION FOUNDATION YONSEI UNIVERSITY,KR"
KR1799829B1,"KOREA RESEARCH INSTITUTE OF BIOSCIENCE AND BIOTECHNOLOGY,KR"
KR1829885B1,"INSTITUTE FOR BASIC SCIENCE,KR"
KR1847778B1,"LEE JONG KYUN,KR"
KR1847779B1,"LEE JONG KYUN,KR"
KR1868601B1,"IUCF-HYU (INDUSTRY-UNIVERSITY COOPERATION FOUNDATION HANYANG UNIVERSITY),KR"
KR1896243B1,"IUCF HYU (Industry University Cooperation Foundation Hanyang University),KR"
KR1897213B1,"INSTITUTE FOR BASIC SCIENCE,KR"
US10022425B2,"ModernaTX Inc.,Cambridge,MA,US"
US10022455B2,"Translate Bio Inc.,Lexington,MA,US"
US10030257B2,"BOARD OF TRUSTEES OF THE UNIVERSITY OF ARKANSAS,Little Rock,AR,US"
US10034925B2,"ONKIMMUNE LIMITED,Donegal,IE"
US10035825B2,"University of Massachusetts,Boston,MA,US"
US10041044B2,"TRUSTEES OF BOSTON UNIVERSITY,Boston,MA,US"
US10052284B2,"TRANSLATE BIO INC.,Lexington,MA,US"
US10066256B2,"Bio-Rad Laboratories Inc.,Hercules,CA,US"
US10080522B2,"AT&T Intellectual Property I L.P.,Atlanta,GA,US"
US10100291B2,"President and Fellows of Harvard College,Cambridge,MA,US"
US10105382B2,"UNIVERSITY OF MARYLAND BALTIMORE,Baltimore,MD,US"
US10105383B2,"UNIVERSITY OF MARYLAND BALTIMORE,Baltimore,MD,US"
US10125114B2,"Dana-Farber Cancer Institute Inc.,Boston,MA,US"
US10126303B2,"Whitehead Institute for Biomedical Research,Cambridge,MA,US"
US10138213B2,"Translate Bio Inc.,Lexington,MA,US"
US10138493B2,"TRUSTEES OF BOSTON UNIVERSITY,Boston,MA,US"
US10138507B2,"ModernaTX Inc.,Cambridge,MA,US"
US10144942B2,"Translate Bio Inc.,Lexington,MA,US"
US10150963B2,"10X GENOMICS INC.,Pleasanton,CA,US"
US10150964B2,"10X GENOMICS INC.,Pleasanton,CA,US"
US20140186843A1,"Massachusetts Institute of Technology,Cambridge,MA,US"
US20140342456A1,"President and Fellows of Harvard College,Cambridge,MA,US"
US20140342457A1,"President and Fellows of Harvard College,Cambridge,MA,US"
US20140342458A1,"President and Fellows of Harvard College,Cambridge,MA,US"
US20140356956A1,"President and Fellows of Harvard College,Cambridge,MA,US"
US20150044772A1,"Sage Labs Inc.,St. Louis,MO,US"
US20150050699A1,"VILNIUS UNIVERSITY,Vilnius,LT"
US20150056705A1,"Sangamo BioSciences Inc.,Richmond,CA,US"
US20150071899A1,"President and Fellows of Harvard College,Cambridge,MA,US"
US20150139944A1,"BOARD OF TRUSTEES OF THE UNIVERSITY OF ARKANSAS,Little Rock,AR,US"
US20150259704A1,"President and Fellows of Harvard College,Cambridge,MA,US"
US20150291966A1,"The Broad Institute Inc.,Cambridge,MA,US"
US20160017366A1,"SIGMA-ALDRICH CO. LLC,St. Louis,MO,US"
US20160032274A1,"President and Fellows of Harvard College,Cambridge,MA,US"
US20160046962A1,"Caribou Biosciences Inc.,Berkeley,CA,US"
US20160068887A1,"Caribou Biosciences Inc.,Berkeley,CA,US"
US20160076020A1,"Caribou Biosciences Inc.,Berkeley,CA,US"
US20160108470A1,"Caribou Biosciences Inc.,Berkeley,CA,US"
US20160138046A1,"System Biosciences LLC,Mountain View,CA,US"
US20160144003A1,"THE SCRIPPS RESEARCH INSTITUTE,La Jolla,CA,US"
US20160160210A1,"President and Fellows of Harvard College,Cambridge,MA,US"
US20160206566A1,"President and Fellows of Harvard College,Cambridge,MA,US"
US20160208272A1,"E. I. DU PONT DE NEMOURS AND COMPANY,Wilmington,DE,US"
US20160208288A1,"President and Fellows of Harvard Collegue,Cambridge,MA,US"
US20160237456A1,"President and Fellows of Harvard College,Cambridge,MA,US"
US20160250300A1,"TEMPLE UNIVERSITY OF THE COMMONWEALTH SYSTEM OF HIGHER EDUCATION,Philadelphia,PA,US"
US20160273001A1,"Koninklijke Nederlandse Akademie van Wetenschappen,Utrecht,NL"
US20160279314A1,"ELIAZ THERAPEUTICS INC.,SEBASTOPOL,CA,US"
US20160289673A1,"THE REGENTS OF THE UNIVERSITY OF CALIFORNIA,Oakland,CA,US"
US20160298097A1,"President and Fellows of Harvard College,Cambridge,MA,US"
US20160312280A1,"Caribou Biosciences Inc.,Berkeley,CA,US"
US20160326548A1,"Sangamo BioSciences Inc.,Richmond,CA,US"
US20160346361A1,"Agenovir Corporation,South San Francisco,CA,US"
US20170016017A1,"Fromm Michael E,Lincoln,NE,US"
US20170044508A1,"Caribou Biosciences Inc.,Berkeley,CA,US"
US20170044569A9,"President and Fellows of Harvard College,Cambridge,MA,US"
US20170152507A1,"MASSACHUSETTS INSTITUTE OF TECHNOLOGY,Cambridge,MA,US"
US20170166912A1,"MONSANTO TECHNOLOGY LLC,St. Louis,MO,US"
US20170183677A1,"PIONEER HI-BRED INTERNATIONAL INC.,Johnston,IA,US"
US20170189450A1,"Sangamo Therapeutics Inc.,Richmond,CA,US"
US8945839B2,"The Broad Institute Inc.,Cambridge,MA,US"
US9260723B2,"President and Fellows of Harvard College,Cambridge,MA,US"
US9398762B2,"Regeneron Pharmaceuticals Inc.,Tarrytown,NY,US"
US9403141B2,"TWIST BIOSCIENCE CORPORATION,San Francisco,CA,US"
US9476060B2,"Danziger Innovations Ltd.,Moshav Mishmar HaShiva,IL"
US9522176B2,"Shire Human Genetic Therapies Inc.,Lexington,MA,US"
US9523695B2,"THE REGENTS OF THE UNIVERSITY OF CALIFORNIA,Oakland,CA,US"
US9528136B2,"Regeneron Pharmaceuticals Inc.,Tarrytown,NY,US"
US9597413B2,"Shire Human Genetic Therapies Inc.,Lexington,MA,US"
US9629804B2,"Shire Human Genetic Therapies Inc.,Lexington,MA,US"
US9668980B2,"RaNA Therapeutics Inc.,Lexington,MA,US"
US9730967B2,"Kovarik Katherine Rose,Englewood,CO,US"
US9737480B2,"President and Fellows of Harvard College,Cambridge,MA,US"
US9757065B1,"AT&T INTELLECTUAL PROPERTY I L.P.,Atlanta,GA,US"
US9758591B2,"THE REGENTS OF THE UNIVERSITY OF CALIFORNIA,Oakland,CA,US"
US9783780B2,"HELMHOLTZ ZENTRUM MÜNCHEN DEUTSCHES FORSCHUNGSZENTRUM FÜR GESUNDHEIT UND UMWELT,Neuherberg,DE"
US9790490B2,"The Broad Institute Inc.,Cambridge,MA,US"
US9816068B2,"The Board of Trustees of the University of Arkansas,Little Rock,AR,US"
US9822371B2,"The Board of Trustees of the University of Arkansas,Little Rock,AR,US"
US9822407B2,"The General Hospital Corporation,Boston,MA,US"
US9833479B2,"Sangamo Therapeutics Inc.,Richmond,CA,US"
US9850484B2,"The General Hospital Corporation,Boston,MA,US"
US9863933B2,"SOOCHOW UNIVERSITY,Suzhou,CN"
US9873894B2,"Sangamo Therapeutics Inc.,Richmond,CA,US"
US9877988B2,"Sangamo Therapeutics Inc.,Richmond,CA,US"
US9885026B2,"Caribou Biosciences Inc.,Berkeley,CA,US"
US9885057B2,"University of Massachusetts,Boston,MA,US"
US9902973B2,"Caribou Biosciences Inc.,Berkeley,CA,US"
US9902974B2,"Sangamo Therapeutics Inc.,Richmond,CA,US"
US9932566B2,"AGILENT TECHNOLOGIES INC.,Santa Clara,CA,US"
US9933434B2,"The Regents of the University of California,Oakland,CA,US"
US9938350B2,"The Regents Of The University Of California,Oakland,CA,US"
US9943595B2,"TRANSLATE BIO INC.,Cambridge,MA,US"
US9944695B2,"Merus N.V.,Utrecht,NL"
US9951124B2,"MERUS N.V.,Utrecht,NL"
US9956247B2,"Sangamo Therapeutics Inc.,Richmond,CA,US"
US9956271B2,"TRANSLATE BIO INC.,Cambridge,MA,US"
US9982267B2,"FELDAN BIO INC.,Quebec,CA"
US9988674B2,"The General Hospital Corporation,Boston,MA,US"
US9993503B2,"Astellas Institute for Regenerative Medicine,Marlborough,MA,US"
US9994831B2,"The Regents of the University of California,Oakland,CA,US"
WO2014093709A1,"THE BROAD INSTITUTE INC.,US"
WO2014202250A1,"KOLIBREE,FR"
WO2015139139A1,"UNIVERSITÉ LAVAL,CA"
WO2015153789A1,"EDITAS MEDICINE INC.,US"
WO2015159087A1,"GREEN BIOLOGICS LIMITED,GB"
WO2015168617A3,"WHITEHEAD INSTITUTE FOR BIOMEDICAL RESEARCH,US"
WO2015177668A1,"PFIZER INC.,US"
WO2016014530A1,"NOVARTIS AG,CH"
WO2016014535A1,"NOVARTIS AG,CH"
WO2016026742A1,"MILTENYI BIOTEC GMBH,DE"
WO2016036754A1,"THE REGENTS OF THE UNIVERSITY OF CALIFORNIA,US"
WO2016037162A1,"SELECTA BIOSCIENCES INC.,US"
WO2016057705A1,"NOVARTIS AG,CH"
WO2016061374A1,"REGENERON PHARMACEUTICALS INC.,US"
WO2016075612A1,"RINAT NEUROSCIENCE CORP.,US"
WO2016083811A1,"IMPERIAL INNOVATIONS LIMITED,GB"
WO2016084084A1,"DANZIGER INNOVATIONS LTD.,IL"
WO2016090034A2,"NOVARTIS AG,CH"
WO2016090337A1,"MEMORIAL SLOAN-KETTERING CANCER CENTER,US"
WO2016090385A1,"APPLIED STEMCELL INC.,US"
WO2016100272A1,"DANISCO US INC,US"
WO2016100309A1,"PIONEER HI-BRED INTERNATIONAL INC.,US"
WO2016100568A1,"DANISCO US INC,US"
WO2016100571A1,"DANISCO US INC,US"
WO2016109410A3,"NOVARTIS AG,CH"
WO2016114972A1,"THE REGENTS OF THE UNIVERSITY OF CALIFORNIA,US"
WO2016119703A1,"INSTITUTE OF GENETICS AND DEVELOPMENTAL BIOLOGY CHINESE ACADEMY OF SCIENCES,CN"
WO2016120480A1,"MEIOGENIX,FR"
WO2016123230A1,"PIONEER HI-BRED INTERNATIONAL INC.,US"
WO2016126417A1,"PIONEER HI BRED INTERNATIONAL INC,US"
WO2016149352A1,"PIONEER HI-BRED INTERNATIONAL INC,US"
WO2016150400A1,"CARSGEN THERAPEUTICS LTD,CN"
WO2016160389A1,"E I DU PONT DE NEMOURS AND COMPANY,US"
WO2016161207A1,"EXELIGEN SCIENTIFIC INC.,US"
WO2016164356A1,"THE BOARD OF TRUSTEES OF THE LELAND STANFORD JUNIOR UNIVERSITY,US"
WO2016164580A1,"NOVARTIS AG,CH"
WO2016164731A2,"NOVARTIS AG,CH"
WO2016166340A1,"WAGENINGEN UNIVERSITEIT,NL"
WO2016166630A1,"PFIZER INC.,US"
WO2016180929A1,"KOLIBREE,FR"
WO2016183438A1,"MASSACHUSETTS INSTITUTE OF TECHNOLOGY,US"
WO2016183448A1,"UNIVERSITY OF SOUTHERN CALIFORNIA,US"
WO2016187717A1,"EXERKINE CORPORATION,CA"
WO2016187904A1,"SHENZHEN SECOND PEOPLE'S HOSPITAL,CN"
WO2016191684A1,"FINER Mitchell H.,US"
WO2016201047A1,"EDITAS MEDICINE INC.,US"
WO2016205688A3,"BOWLES Robert D.,US"
WO2016210393A1,"PIONEER HI-BRED INTERNATIONAL INC.,US"
WO2017002004A1,"KONINKLIJKE PHILIPS N.V.,NL"
WO2017002012A1,"KONINKLIJKE PHILIPS N.V.,NL"
WO2017002067A1,"BRAUN GMBH,DE"
WO2017004191A1,"REGENTS OF THE UNIVERSITY OF MINNESOTA,US"
WO2017009486A1,"NURITAS LIMITED,IE"
WO2017009489A1,"NURITAS LIMITED,IE"
WO2017010543A1,"THE UNIVERSITY OF TOKYO,JP"
WO2017024111A1,"THE UNIVERSITY OF CHICAGO,US"
WO2017024602A1,"ZHANGJIAGANG INSTITUTE OF INDUSTRIAL TECHNOLOGIES SOOCHOW UNIVERSITY,CN"
WO2017029511A1,"AUTOLUS LTD,GB"
WO2017029570A1,"KONINKLIJKE PHILIPS N.V.,NL"
WO2017031360A1,"ARC BIO LLC,US"
WO2017031483A1,"APPLIED STEMCELL INC.,US"
WO2017040348A1,"THE GENERAL HOSPITAL CORPORATION,US"
WO2017040511A1,"AGILENT TECHNOLOGIES INC.,US"
WO2017040695A1,"RECOMBINETICS INC.,US"
WO2017040709A1,"CARIBOU BIOSCIENCES INC.,US"
WO2017040793A1,"DANA-FARBER CANCER INSTITUTE INC.,US"
WO2017040813A3,"UNIVERSITY OF MASSACHUSETTS,US"
WO2017043573A1,"NATIONAL UNIVERSITY CORPORATION KOBE UNIVERSITY,JP"
WO2017044419A1,"UNIVERSITY OF MASSACHUSETTS,US"
WO2017046747A1,"ACERTA PHARMA B.V.,NL"
WO2017049240A1,"REGENERON PHARMACEUTICALS INC.,US"
WO2017053312A1,"THE REGENTS OF THE UNIVERSITY OF CALIFORNIA,US"
WO2017053713A1,"TARVEDA THERAPEUTICS INC.,US"
WO2017053729A1,"THE BOARD OF TRUSTEES OF THE LELAND STANFORD JUNIOR UNIVERSITY,US"
WO2017053762A1,"SIGMA-ALDRICH CO. LLC,US"
WO2017053879A1,"EDITAS MEDICINE INC.,US"
WO2017058751A1,"NORTH CAROLINA STATE UNIVERSITY,US"
WO2017058793A1,"AGENOVIR CORPORATION,US"
WO2017058795A1,"AGENOVIR CORPORATION,US"
WO2017058796A1,"AGENOVIR CORPORATION,US"
WO2017059241A1,"THE UNITED STATES OF AMERICA AS REPRESENTED BY THE SECRETARY DEPARTMENT OF HEALTH AND HUMAN SERVICES,US"
WO2017062605A1,"THE CHILDREN'S HOSPITAL OF PHILADELPHIA,US"
WO2017062618A1,"IOWA STATE UNIVERSITY RESEARCH FOUNDATION INC.,US"
WO2017062723A1,"PRESIDENT AND FELLOWS OF HARVARD COLLEGE,US"
WO2017062983A1,"THE CHILDREN'S HOSPITAL OF PHILADELPHIA,US"
WO2017064546A1,"CRISPR THERAPEUTICS AG,CH"
WO2017068077A1,"INSTITUT NATIONAL DE LA SANTE ET DE LA RECHERCHE MEDICALE (INSERM),FR"
WO2017068120A1,"INSTITUT NATIONAL DE LA SANTE ET DE LA RECHERCHE MEDICALE (INSERM),FR"
WO2017070598A1,"CARIBOU BIOSCIENCES INC.,US"
WO2017070632A3,"PRESIDENT AND FELLOWS OF HARVARD COLLEGE,US"
WO2017074943A1,"THE BOARD OF TRUSTEES OF THE LELAND STANFORD JUNIOR UNIVERSITY,US"
WO2017075147A1,"BOARD OF REGENTS THE UNIVERSITY OF TEXAS SYSTEM,US"
WO2017075475A1,"EDITAS MEDICINE INC.,US"
WO2017075537A1,"ALETA BIOTHERAPEUTICS INC.,US"
WO2017081097A1,"IFOM FONDAZIONE ISTITUTO FIRC DI ONCOLOGIA MOLECOLARE,IT"
WO2017081288A1,"LONZA LTD,CH"
WO2017083368A1,"PFIZER INC.,US"
WO2017083511A1,"THE UNITED STATES OF AMERICA AS REPRESENTED BY THE SECRETARY DEPARTMENT OF HEALTH AND HUMAN SERVICES,US"
WO2017083852A1,"MOORE Tara,US"
WO2017095698A1,"PIONEER HI-BRED INTERNATIONAL INC.,US"
WO2017096041A1,"THE REGENTS OF THE UNIVERSITY OF CALIFORNIA,US"
WO2017096237A1,"CERES INC.,US"
WO2017096328A1,"CARIBOU BIOSCIENCES INC.,US"
WO2017100176A1,"CHIMERA BIOENGINEERING INC.,US"
WO2017100343A1,"ARC BIO LLC,US"
WO2017100791A1,"MASSACHUSETTS EYE AND EAR INFIRMARY,US"
WO2017104404A1,"JAPAN SCIENCE AND TECHNOLOGY AGENCY,JP"
WO2017106616A1,"THE REGENTS OF THE UNIVERSITY OF COLORADO A BODY CORPORATE,US"
WO2017109757A1,"CRISPR THERAPEUTICS AG,CH"
WO2017112184A1,"BLOODCENTER RESEARCH FOUNDATION,US"
WO2017118720A1,"NOVOZYMES A/S,DK"
WO2017121494A1,"RIBOXX GMBH,DE"
WO2017123556A1,"THE BOARD OF TRUSTEES OF THE LELAND STANFORD JUNIOR UNIVERSITY,US"
WO2017123559A3,"THE BOARD OF TRUSTEES OF THE LELAND STANFORD JUNIOR UNIVERSITY,US"
WO2017123772A1,"REGENTS OF THE UNIVERSITY OF MINNESOTA,US"
WO2017130223A2,"VIROCAN THERAPEUTICS PVT. LTD.,IN"
WO2017130223A3,"VIROCAN THERAPEUTICS PVT. LTD.,IN"
WO2017131237A1,"BONAC CORPORATION,JP"
WO2017134529A1,"CRISPR THERAPEUTICS AG,CH"
WO2017136335A1,"THE REGENTS OF THE UNIVERSITY OF CALIFORNIA,US"
WO2017136520A1,"PRESIDENT AND FELLOWS OF HARVARD COLLEGE,US"
WO2017136764A1,"THE GENERAL HOSPITAL CORPORATION,US"
WO2017136794A1,"MASSACHUSETTS INSTITUTE OF TECHNOLOGY,US"
WO2017137585A1,"COMBIGENE AB,SE"
WO2017141109A1,"CRISPR THERAPEUTICS AG,CH"
WO2017142999A3,"PRESIDENT AND FELLOWS OF HARVARD COLLEGE,US"
WO2017146767A1,"ICELL GENE THERAPEUTICS LLC,US"
WO2017147056A1,"CARIBOU BIOSCIENCES INC.,US"
WO2017147432A1,"AGENOVIR CORPORATION,US"
WO2017151444A1,"AGILENT TECHNOLOGIES INC.,US"
WO2017151727A1,"NORTH CAROLINA STATE UNIVERSITY,US"
WO2017152015A1,"EDITAS MEDICINE INC.,US"
WO2017155408A1,"ERASMUS UNIVERSITY MEDICAL CENTER ROTTERDAM,NL"
WO2017156484A1,"BLUEBIRD BIO INC.,US"
WO2017158422A1,"CRISPR THERAPEUTICS AG,CH"
WO2017159699A1,"CHUGAI SEIYAKU KABUSHIKI KAISHA,JP"
WO2017162797A1,"HELMHOLTZ ZENTRUM MÜNCHEN - DEUTSCHES FORSCHUNGSZENTRUM FÜR GESUNDHEIT UND UMWELT (GMBH),DE"
WO2017165859A1,"RESEARCH INSTITUTE AT NATIONWIDE CHILDREN'S HOSPITAL,US"
WO2017165869A1,"TROVAGENE INC.,US"
WO2017172860A1,"PRESIDENT AND FELLOWS OF HARVARD COLLEGE,US"
WO2017173384A1,"KITE PHARMA INC.,US"
WO2017173410A1,"AMGEN INC.,US"
WO2017175072A1,"FELDAN BIO INC.,CA"
WO2017180587A3,"OBSIDIAN THERAPEUTICS INC.,US"
WO2017180786A3,"PERKINS Edward,US"
WO2017180915A3,"DUKE UNIVERSITY,US"
WO2017183724A1,"NATIONAL UNIVERSITY CORPORATION KOBE UNIVERSITY,JP"
WO2017184534A1,"THE GORLIN COMPANIES,US"
WO2017185054A1,"INTELLIA THERAPEUTICS INC.,US"
WO2017186815A1,"PROQR THERAPEUTICS II B.V.,NL"
WO2017188797A1,"INDUSTRY-ACADEMIC COOPERATION FOUNDATION YONSEI UNIVERSITY,KR"
WO2017189821A1,"BIO-RAD LABORATORIES INC.,US"
WO2017189964A3,"VOYAGER THERAPEUTICS INC.,US"
WO2017190091A1,"VINDICO NANOBIOTECHNOLOGY LLC,US"
WO2017190096A1,"UNIVERSITY OF FLORIDA RESEARCH FOUNDATION INCORPORATED,US"
WO2017192172A1,"TEMPLE UNIVERSITY - OF THE COMMONWEALTH SYSTEM OF HIGHER EDUCATION,US"
WO2017193053A1,"WOOLF Tod M.,US"
WO2017197027A1,"ILLUMINA INC.,US"
WO2017197147A3,"ATKINSON Robert G.,US"
WO2017205290A1,"THE TRUSTEES OF COLUMBIA UNIVERSITY IN THE CITY OF NEW YORK,US"
WO2017205423A1,"WASHINGTON UNIVERSITY,US"
WO2017205747A1,"THE UNITED STATES OF AMERICA AS REPRESENTED BY THE SECRETARY DEPARTMENT OF HEALTH AND HUMAN SERVICES,US"
WO2017205834A1,"THE BOARD OF TRUSTEES OF THE UNIVERSITY OF ILLINOIS,US"
WO2017208247A1,"YISSUM RESEARCH DEVELOPMENT COMPANY OF THE HEBREW UNIVERSITY OF JERUSALEM LTD.,IL"
WO2017210586A1,"REGENERON PHARMACEUTICALS INC.,US"
WO2017211900A1,"MAX-DELBRÜCK-CENTRUM FÜR MOLEKULARE MEDIZIN,DE"
WO2017212264A1,"OXFORD GENETICS LIMITED,GB"
WO2017213896A1,"TEMPLE UNIVERSITY - OF THE COMMONWEALTH SYSTEM OF HIGHER EDUCATION,US"
WO2017214460A1,"AGILENT TECHNOLOGIES INC.,US"
WO2017214513A1,"WHITE DOG LABS INC.,US"
WO2017215648A1,"PEKING UNIVERSITY,CN"
WO2017218512A1,"GRAIL INC.,US"
WO2017219033A1,"MONTANA STATE UNIVERSITY,US"
WO2017220527A1,"GLYCOTOPE GMBH,DE"
WO2017222370A1,"KEYGENE N.V.,NL"
WO2017223449A1,"PRESIDENT AND FELLOWS OF HARVARD COLLEGE,US"
WO2017223538A1,"THE REGENTS OF THE UNIVERSITY OF COLORADO A BODY CORPORATE,US"
WO2018002762A1,"CRISPR THERAPEUTICS AG,CH"
WO2018002812A1,"CRISPR THERAPEUTICS AG,CH"
WO2018002886A1,"CRISPR THERAPEUTICS AG,CH"
WO2018005289A3,"MICROSOFT TECHNOLOGY LICENSING LLC,US"
WO2018005445A1,"THE BROAD INSTITUTE INC.,US"
WO2018005519A3,"THE REGENTS OF THE UNIVERSITY OF CALIFORNIA,US"
WO2018009525A1,"THE JOHNSON HOPKINS UNIVERSITY,US"
WO2018009562A1,"THE JOHNS HOPKINS UNIVERSITY,US"
WO2018009838A1,"RUBIUS THERAPEUTICS INC.,US"
WO2018013558A1,"LIFE TECHNOLOGIES CORPORATION,US"
WO2018015444A1,"NOVOZYMES A/S,DK"
WO2018020050A1,"MAX-PLANCK-GESELLSCHAFT ZUR FÖRDERUNG DER WISSENSCHAFTEN E.V.,DE"
WO2018025206A1,"KYOTO UNIVERSITY,JP"
WO2018026872A1,"VIROGIN BIOTECH CANADA LTD,CA"
WO2018026976A1,"EDITAS MEDICINE INC.,US"
WO2018027155A1,"MEMORIAL SLOAN-KETTERING CANCER CENTER,US"
WO2018027197A1,"MEMORIAL SLOAN-KETTERING CANCER CENTER,US"
WO2018030536A1,"TOKUSHIMA UNIVERSITY,JP"
WO2018031683A1,"PRESIDENT AND FELLOWS OF HARVARD COLLEGE,US"
WO2018031762A1,"DUKE UNIVERSITY,US"
WO2018031864A1,"BOARD OF REGENTS THE UNIVERSITY OF TEXAS SYSTEM,US"
WO2018035413A1,"THE UAB RESEARCH FOUNDATION,US"
WO2018035450A1,"EBBU LLC,US"
WO2018035466A1,"THE BOARD OF TRUSTEES OF THE LELAND STANFORD JUNIOR UNIVERSITY,US"
WO2018035495A1,"WHITEHEAD INSTITUTE FOR BIOMEDICAL RESEARCH,US"
WO2018039471A3,"TRUSTEES OF BOSTON UNIVERSITY,US"
WO2018041119A1,"BEIJING BIOCYTOGEN CO. LTD,CN"
WO2018045034A1,"PROMAB BIOTECHNOLOGIES INC.,US"
WO2018045880A1,"GUANGZHOU BAINIFU BIOTECH CO. LTD,CN"
WO2018048827A1,"MASSACHUSETTS INSTITUTE OF TECHNOLOGY,US"
WO2018049037A1,"NDSU RESEARCH FOUNDATION,US"
WO2018049187A1,"DANA-FARBER CANCER INSTITUTE INC.,US"
WO2018049273A1,"CENTRO DE INVESTIGACIONES ENERGETICAS MEDIOAMBIENTALES Y TECNOLOGICAS,ES"
WO2018049401A1,"REGENT OF THE UNIVERSITY OF MINNESOTA,US"
WO2018052828A1,"JANSSEN BIOTECH INC.,US"
WO2018053037A1,"THE JACKSON LABORATORY,US"
WO2018053053A1,"THE BROAD INSTITUTE INC.,US"
WO2018053070A1,"INTELLIA THERAPEUTICS INC.,US"
WO2018053457A1,"PRESIDENT AND FELLOWS OF HARVARD COLLEGE,US"
WO2018055577A1,"SYNTHENA AG,CH"
WO2018057782A1,"UNIVERSITY OF UTAH RESEARCH FOUNDATION,US"
WO2018059549A1,"NOVARTIS AG,CH"
WO2018064371A1,"THE REGENTS OF THE UNIVERSITY OF CALIFORNIA,US"
WO2018067886A3,"NANTOMICS LLC,US"
WO2018067977A1,"KANSAS STATE UNIVERSITY RESEARCH FOUNDATION,US"
WO2018071868A1,"PRESIDENT AND FELLOWS OF HARVARD COLLEGE,US"
WO2018071892A1,"JOUNG J. Keith,US"
WO2018071898A1,"CHILDREN'S MEDICAL CENTER CORPORATION,US"
WO2018073237A1,"THE UNIVERSITY COURT OF THE UNIVERSITY OF EDINBURGH,GB"
WO2018074979A1,"NANYANG TECHNOLOGICAL UNIVERSITY,SG"
WO2018075648A1,"DREXEL UNIVERSITY,US"
WO2018075664A1,"REGENTS OF THE UNIVERSITY OF MINNESOTA,US"
WO2018075794A1,"CITY OF HOPE,US"
WO2018076391A1,"LI Huashun,CN"
WO2018078131A1,"GENETHON,FR"
WO2018078134A1,"GENETHON,FR"
WO2018078218A1,"NOKIA TECHNOLOGIES OY,FI"
WO2018080541A1,"SEATTLE CHILDREN'S HOSPITAL (DBA SEATTLE CHILDREN'S RESEARCH INSTITUTE),US"
WO2018081081A1,"HUMANES Javier Gil,US"
WO2018081728A1,"EMENDOBIO INC.,US"
WO2018081806A3,"UNIVERSITY OF FLORIDA RESEARCH FOUNDATION INC.,US"
WO2018083204A1,"ENGMAB SÀRL,CH"
WO2018083347A1,"CONSEJO SUPERIOR DE INVESTIGACIONES CIENTIFICAS (CSIC),ES"
WO2018085586A1,"KIEWLICH David,US"
WO2018085644A1,"YOUHEALTH BIOTECH LIMITED,KY"
WO2018085693A1,"INARI AGRICULTURE INC.,US"
WO2018085731A3,"JUNO THERAPEUTICS INC.,US"
WO2018086512A1,"SHANGAHI INSTITUTES FOR BIOLOGICAL SCIENCES CHINESE ACADEMY OF SCIENCES,CN"
WO2018086623A1,"INSTITUTE OF GENETICS AND DEVELOPMENTAL BIOLOGY CHINESE ACADEMY OF SCIENCES,CN"
WO2018087113A1,"KONINKLIJKE PHILIPS N.V.,NL"
WO2018088635A1,"KOREA ADVANCED INSTITUTE OF SCIENCE AND TECHNOLOGY,KR"
WO2018089437A1,"YALE UNIVERSITY,US"
WO2018089664A1,"THE REGENTS OF THE UNIVERSITY OF CALIFORNIA,US"
WO2018092072A1,"CELLECTIS,FR"
WO2018096547A1,"YEDA RESEARCH AND DEVELOPMENT CO. LTD.,IL"
WO2018098383A1,"INTEGRATED DNA TECHNOLOGIES INC.,US"
WO2018098480A1,"THE BOARD OF REGENTS OF THE UNIVERSITY OF TEXAS SYSTEM,US"
WO2018102131A1,"PIONEER HI-BRED INTERNATIONAL INC.,US"
WO2018102612A1,"JUNO THERAPEUTICS INC.,US"
WO2018102786A1,"JUNO THERAPEUTICS INC.,US"
WO2018102816A1,"SYNGENTA PARTICIPATIONS AG,CH"
WO2018103684A1,"HANGZHOU CONVERD CO. LTD.,CN"
WO2018107103A1,"THE BROAD INSTITUTE INC.,US"
WO2018107129A1,"THE BROAD INSTITUTE INC.,US"
WO2018110805A1,"MGENPLUS CO. LTD.,KR"
WO2018111340A1,"NOVARTIS AG,CH"
WO2018111834A1,"SEATTLE CHILDREN'S HOSPITAL (DBA SEATTLE CHILDREN'S RESEARCH INSTITUTE),US"
WO2018111944A1,"WHITEHEAD INSTITUTE FOR BIOMEDICAL RESEARCH,US"
WO2018111946A1,"INTEGRATED DNA TECHNOLOGIES INC.,US"
WO2018115389A1,"KEYGENE N.V.,NL"
WO2018115390A1,"KEYGENE N.V.,NL"
WO2018118586A1,"AGENOVIR CORPORATION,US"
WO2018119225A1,"MONSANTO TECHNOLOGY LLC,US"
WO2018123134A1,"NATIONAL RESEARCH INSTITUTE OF BREWING,JP"
WO2018126259A1,"THE BOARD OF REGENTS OF THE UNIVERSITY OF TEXAS SYSTEM,US"
WO2018129129A1,"RUTGERS THE STATE UNIVERSITY OF NEW JERSEY,US"
WO2018129199A1,"NOVA SOUTHEASTERN UNIVERSITY,US"
WO2018129226A1,"VIRGINIA COMMONWEALTH UNIVERSITY,US"
WO2018129296A1,"THE BOARD OF REGENTS OF THE UNIVERSITY OF TEXAS SYSTEM,US"
WO2018129368A2,"EDITAS MEDICINE INC.,US"
WO2018129440A1,"UNIVERSITY OF MASSACHUSETTS,US"
WO2018130830A1,"OXFORD UNIVERSITY INNOVATION LIMITED,GB"
WO2018132409A1,"THOENE Jess G.,US"
WO2018132939A1,"INSTITUTE OF PROCESS ENGINEERING CHINESE ACADEMY OF SCIENCES,CN"
WO2018136783A1,"THE REGENTS OF THE UNIVERSITY OF CALIFORNIA,US"
WO2018140899A1,"INARI AGRICULTURE INC.,US"
WO2018142364A1,"NOVARTIS AG,CH"
WO2018144535A1,"NOVARTIS AG,CH"
WO2018154027A1,"CANCER RESEARCH TECHNOLOGY LTD.,GB"
WO2018154096A1,"GEORG-AUGUST-UNIVERSITÄT GÖTTINGEN STIFTUNG ÖFFENTLICHEN RECHTS UNIVERSITÄTSMEDIZIN,DE"
WO2018154380A1,"CRISPR THERAPEUTICS AG,CH"
WO2018154413A1,"CRISPR THERAPEUTICS AG,CH"
WO2018154418A1,"CRISPR THERAPEUTICS AG,CH"
WO2018154439A1,"CRISPR THERAPEUTICS AG,CH"
WO2018165504A1,"PRESIDENT AND FELLOWS OF HARVARD COLLEGE,US"
WO2018165631A1,"PRESIDENT AND FELLOWS OF HARVARD COLLEGE,US"
WO2018169922A2,"KITE PHARMA INC.,US"
WO2018170333A1,"THE BROAD INSTITUTE INC.,US"
WO2018170515A1,"THE BROAD INSTITUTE INC.,US"
WO2018183766A1,"EDITAS MEDICINE INC.,US"
WO2018191388A1,"ZHANG Feng,US"
WO2018192961A1,"SACK Markus,DE"
WO2018195313A1,"GE HEALTHCARE BIO-SCIENCES CORP,US"
WO2018195486A1,"CHOUDHARY Amit,US"
WO2018195555A1,"THE BOARD OF TRUSTEES OF THE LELAND STANFORD JUNIOR UNIVERSITY,US"
WO2018195772A1,"SUN YAT-SEN UNIVERSITY,CN"
WO2018197020A1,"NOVOZYMES A/S,DK"
WO2018198049A1,"CELLECTIS,FR"
WO2018200489A1,"THE BRIGHAM AND WOMENS HOSPITAL INC.,US"
WO2018201056A1,"NOVARTIS AG,CH"
WO2018201086A1,"EDITAS MEDICINE INC.,US"
WO2018201088A1,"WASHINGTON UNIVERSITY,US"
WO2018201144A1,"PRECISION BIOSCIENCES INC.,US"
WO2018202800A1,"KWS SAAT SE,DE"
WO2018203947A2,"ZYMERGEN INC.,US"
WO2018204427A1,"JUNO THERAPEUTICS INC.,US"
WO2018210992A1,"IDORSIA PHARMACEUTICALS LTD,CH"
WO2018210994A1,"IDORSIA PHARMACEUTICALS LTD,CH"
WO2018213476A1,"TRANSLATE BIO INC.,US"
WO2018219941A1,"VILMORIN & CIE,FR"
WO2018220136A1,"VILMORIN & CIE,FR"
WO2018220210A1,"INSTITUT NATIONAL DE LA SANTE ET DE LA RECHERCHE MEDICALE (INSERM),FR"
WO2018220579A1,"TROPIC BIOSCIENCES UK LIMITED,GB"
WO2018220581A1,"TROPIC BIOSCIENCES UK LIMITED,GB"
WO2018220582A1,"TROPIC BIOSCIENCES UK LIMITED,GB"
